﻿<?xml version="1.0" encoding="UTF-8" standalone="yes"?>
<addon id="repository.mydream" name="Mydream Repository" version="1.0.0" provider-name="jamesdotbond">
    <extension point="xbmc.addon.repository" name="Dandymedia Repository">
        <info compressed="true">https://github.com/jamesdotbond/mydream/raw/master/addons.xml</info>
        <checksum>https://github.com/jamesdotbond/mydream/raw/master/addons.xml.md5</checksum>
        <datadir zip="true">https://github.com/jamesdotbond/mydream/tree/master/repo</datadir>
    </extension>
    <extension point="xbmc.addon.metadata">
        <summary>Mydream Repository</summary>
        <description>Mydream collection all addons</description>
        <platform>all</platform>
    </extension>
</addon>
